epoch,loss,psnr,time
1,0.22865156829357147,9.094250665568673,154.7216637134552
